Compound,Strategy,Mean Cost,Std Dev,CI Lower,CI Upper
Soft,One-stop,27.286222781957687,3.172412910554211,20.687640867827824,33.2236508502914
Soft,Two-stop,20.296243010844368,2.7074604068257675,14.717731712368405,25.296422056109513
Medium,One-stop,26.981896339660008,3.2534919847275434,19.860745999148175,32.787915178738665
Medium,Two-stop,20.29587675635556,2.781344931662356,14.711202583074652,25.527669537709993
Hard,One-stop,20.0315012429045,3.1761813752353825,13.519460154190197,25.83036394328344
Hard,Two-stop,14.485903768028429,2.4914710832804126,9.47583871817268,19.07618746490582
